
{
    "description":"<div id=\"ibm-wasdev-feature-desc-content\">\nThis feature enables support for WebSocket applications written to the Java API for WebSocket 1.1 specification.\n</div>\n<h2 id=\"ibm-wasdev-feature-instructions-title\">Command Line Install</h2>\n<div id=\"ibm-wasdev-feature-instructions-content\">\nTo install the feature from the command line, type:<br/><code>bin/installUtility install websocket-1.1</code> <br/>\nIf you are installing into 8.5.5.5 or earlier and the feature supports that version, use the featureManager command, for example:<br/><code>bin/featureManager install websocket-1.1 --when-file-exists=ignore</code>\n</div>\n <h2 id=\"ibm-wasdev-feature-notes-title\">Config Instructions</h2> \n<div id=\"ibm-wasdev-feature-notes-content\">\nTo use the feature at runtime add the following to your server.xml file<br/>\n<code>&lt;featureManager&gt;</br>\n&nbsp;&nbsp;&lt;feature&gt;websocket-1.1&lt;/feature&gt;</br>\n&lt;/featureManager&gt;</br></code> </div>\n <h2 id=\"ibm-wasdev-feature-notes-title\">Additional Information</h2> \n <div id=\"ibm-wasdev-feature-additional-information\">\n  <ul>\n   <li>For the complete feature documentation, see the <a href=\"http://www.ibm.com/support/knowledgecenter/SSAW57_liberty/com.ibm.websphere.wlp.nd.multiplatform.doc/ae/rwlp_feature_websocket-1.1.html\">websocket-1.1</a> feature description in IBM Knowledge Center.</li>\n   <li>For more detailed installation instructions, including using Installation Manager and WebSphere Developer Tools, see <a href=\"http://www.ibm.com/support/knowledgecenter/SSAW57_liberty/com.ibm.websphere.wlp.nd.multiplatform.doc/com.ibm.websphere.wlp.nd.multiplatform.doc/ae/twlp_inst_assets.html\">Installing Liberty Repository assets</a> in IBM Knowledge Center.</li>\n   <li>For offline installation from a directory-based repository using 8.5.5.8 or higher, see <a href=\"https://www.ibm.com/support/knowledgecenter/SSAW57_liberty/com.ibm.websphere.wlp.nd.multiplatform.doc/com.ibm.websphere.wlp.nd.multiplatform.doc/ae/t_install_assets_installUtility.html\">Installing assets using the installUtility command</a> in IBM Knowledge Center.</li>\n   <li>For system requirements, see <a href=\"http://www-969.ibm.com/software/reports/compatibility/clarity-reports/report/html/softwareReqsForProductByComponent?deliverableId=1337870535828&duComponent=Server_118F7A80A6C511E2A4CA497F0925FE1B\">WebSphere Application Server detailed system requirements</a>. Select the appropriate release, and click <b>WebSphere Application Server (all editions)</b>. Select the edition, and choose the offering you want in Requirements by component.</li>\n  </ul>\n</div>\n",
    "licenseId":"https://www.eclipse.org/legal/epl-v10.html",
    "licenseType":"UNSPECIFIED",
    "name":"Java WebSocket 1.1",
    "provider":{
        "name":"IBM Corp."
    },
    "shortDescription":"This feature enables support for WebSocket applications written to the Java API for WebSocket 1.1 specification.",
    "type":"com.ibm.websphere.Feature",
    "version":"1.0.0",
    "wlpInformation":{
        "appliesTo":"io.openliberty;productVersion=\"19.0.0.1\"",
        "appliesToFilterInfo":[
            {
                "editions":[
                    "Liberty Core",
                    "Base",
                    "Express",
                    "Developers",
                    "ND",
                    "z/OS"
                ],
                "hasMaxVersion":"true",
                "maxVersion":{
                    "compatibilityLabel":"19.0.0.1",
                    "inclusive":true,
                    "label":"19.0.0",
                    "value":"19.0.0.1"
                },
                "minVersion":{
                    "compatibilityLabel":"19.0.0.1",
                    "inclusive":true,
                    "label":"19.0.0",
                    "value":"19.0.0.1"
                },
                "productId":"io.openliberty"
            }
        ],
        "displayPolicy":"VISIBLE",
        "downloadPolicy":"INSTALLER",
        "ibmInstallTo":"core",
        "installPolicy":"MANUAL",
        "javaSEVersionRequirements":{
            "minVersion":"1.7.0",
            "rawRequirements":[
                "com.ibm.ws.wsoc_1.0.24.jar: (&(osgi.ee=JavaSE)(version=1.7))",
                "com.ibm.websphere.javaee.websocket.1.1_1.0.24.jar: (&(osgi.ee=JavaSE)(version=1.6))",
                "com.ibm.ws.wsoc.1.1_1.0.24.jar: (&(osgi.ee=JavaSE)(version=1.6))"
            ],
            "versionDisplayString":"Java SE 7, Java SE 8"
        },
        "links":[
            {
                "label":"Features that this feature enables",
                "linkLabelProperty":"name",
                "query":[
                    "wlpInformation.provideFeature=com.ibm.websphere.appserver.servlet-3.1&wlpInformation.appliesToFilterInfo.minVersion.value=19.0.0.1&type=com.ibm.websphere.Feature"
                ]
            },
            {
                "label":"Features that enable this feature",
                "linkLabelProperty":"name",
                "query":[
                    "wlpInformation.requireFeature=com.ibm.websphere.appserver.websocket-1.1&wlpInformation.appliesToFilterInfo.minVersion.value=19.0.0.1&type=com.ibm.websphere.Feature"
                ]
            },
            {
                "label":"Features that this feature supersedes",
                "linkLabelProperty":"name",
                "query":[
                    "wlpInformation.supersededBy=websocket-1.1&wlpInformation.appliesToFilterInfo.minVersion.value=19.0.0.1"
                ]
            },
            {
                "label":"Features that supersede this feature",
                "linkLabelProperty":"name"
            },
            {
                "label":"Features that supersede this feature",
                "linkLabelProperty":"name",
                "linkLabelSuffix":" (optional)"
            }
        ],
        "lowerCaseShortName":"websocket-1.1",
        "mainAttachmentSHA256":"d082d4585f3824120f809692119c239642de418d4c74afbb9af5408c1a3bec87",
        "mainAttachmentSize":385310,
        "provideFeature":[
            "com.ibm.websphere.appserver.websocket-1.1"
        ],
        "requireFeature":[
            "com.ibm.websphere.appserver.servlet-3.1"
        ],
        "requireFeatureWithTolerates":[
            {
                "feature":"com.ibm.websphere.appserver.servlet-3.1",
                "tolerates":[
                    "4.0"
                ]
            }
        ],
        "shortName":"websocket-1.1",
        "singleton":"true",
        "typeLabel":"Feature",
        "vanityRelativeURL":"features-com.ibm.websphere.appserver.websocket-1.1",
        "visibility":"PUBLIC",
        "webDisplayPolicy":"HIDDEN"
    }
}