
{
    "description":"<div id=\"ibm-wasdev-feature-desc-content\">\n%description\n</div>\n<h2 id=\"ibm-wasdev-feature-instructions-title\">Command Line Install</h2>\n<div id=\"ibm-wasdev-feature-instructions-content\">\nTo install the feature from the command line, type:<br/><code>bin/installUtility install com.ibm.websphere.appserver.autoWebcontainerSecurity-1.0</code> <br/>\nIf you are installing into 8.5.5.5 or earlier and the feature supports that version, use the featureManager command, for example:<br/><code>bin/featureManager install com.ibm.websphere.appserver.autoWebcontainerSecurity-1.0 --when-file-exists=ignore</code>\n</div>\n",
    "licenseId":"http://www.ibm.com/licenses/wlp-featureterms-v1",
    "licenseType":"UNSPECIFIED",
    "name":"com.ibm.websphere.appserver.autoWebcontainerSecurity-1.0",
    "provider":{
        "name":"IBM Corp."
    },
    "shortDescription":"%description",
    "type":"com.ibm.websphere.Feature",
    "version":"1.0.0",
    "wlpInformation":{
        "appliesTo":"com.ibm.websphere.appserver;productVersion=\"19.0.0.1\"",
        "appliesToFilterInfo":[
            {
                "editions":[
                    "Liberty Core",
                    "Base",
                    "Express",
                    "Developers",
                    "ND",
                    "z/OS"
                ],
                "hasMaxVersion":"true",
                "maxVersion":{
                    "compatibilityLabel":"19.0.0.1",
                    "inclusive":true,
                    "label":"19.0.0",
                    "value":"19.0.0.1"
                },
                "minVersion":{
                    "compatibilityLabel":"19.0.0.1",
                    "inclusive":true,
                    "label":"19.0.0",
                    "value":"19.0.0.1"
                },
                "productId":"com.ibm.websphere.appserver"
            }
        ],
        "displayPolicy":"HIDDEN",
        "downloadPolicy":"INSTALLER",
        "ibmInstallTo":"core",
        "installPolicy":"WHEN_SATISFIED",
        "javaSEVersionRequirements":{
            "minVersion":"1.6.0",
            "rawRequirements":[
                "com.ibm.ws.webcontainer.security.provider_1.0.24.jar: (&(osgi.ee=JavaSE)(version=1.6))"
            ],
            "versionDisplayString":"Java SE 6, Java SE 7, Java SE 8"
        },
        "links":[
            {
                "label":"Features that this feature enables",
                "linkLabelProperty":"name"
            },
            {
                "label":"Features that enable this feature",
                "linkLabelProperty":"name",
                "query":[
                    "wlpInformation.requireFeature=com.ibm.websphere.appserver.autoWebcontainerSecurity-1.0&wlpInformation.appliesToFilterInfo.minVersion.value=19.0.0.1&type=com.ibm.websphere.Feature"
                ]
            },
            {
                "label":"Features that this feature supersedes",
                "linkLabelProperty":"name"
            },
            {
                "label":"Features that supersede this feature",
                "linkLabelProperty":"name"
            },
            {
                "label":"Features that supersede this feature",
                "linkLabelProperty":"name",
                "linkLabelSuffix":" (optional)"
            }
        ],
        "mainAttachmentSHA256":"6cb4a86e3d712d6edc6244666747b45585801b59a69b7e9e80f1295c31b4a1bf",
        "mainAttachmentSize":43212,
        "provideFeature":[
            "com.ibm.websphere.appserver.autoWebcontainerSecurity-1.0"
        ],
        "provisionCapability":"osgi.identity; filter:=\"(|(&(type=osgi.subsystem.feature)(osgi.identity=com.ibm.websphere.appserver.adminSecurity-1.0))(&(type=osgi.subsystem.feature)(osgi.identity=com.ibm.websphere.appserver.webAppSecurity-1.0))(&(type=osgi.subsystem.feature)(osgi.identity=com.ibm.wsspi.appserver.webBundleSecurity-1.0)))\"",
        "singleton":"false",
        "typeLabel":"Feature",
        "vanityRelativeURL":"features-com.ibm.websphere.appserver.autoWebcontainerSecurity-1.0",
        "visibility":"PRIVATE",
        "webDisplayPolicy":"HIDDEN"
    }
}