
{
    "description":"<div id=\"ibm-wasdev-feature-desc-content\">\n%description\n</div>\n<h2 id=\"ibm-wasdev-feature-instructions-title\">Command Line Install</h2>\n<div id=\"ibm-wasdev-feature-instructions-content\">\nTo install the feature from the command line, type:<br/><code>bin/installUtility install com.ibm.websphere.appserver.transaction-1.2</code> <br/>\nIf you are installing into 8.5.5.5 or earlier and the feature supports that version, use the featureManager command, for example:<br/><code>bin/featureManager install com.ibm.websphere.appserver.transaction-1.2 --when-file-exists=ignore</code>\n</div>\n",
    "licenseId":"https://www.eclipse.org/legal/epl-v10.html",
    "licenseType":"UNSPECIFIED",
    "name":"com.ibm.websphere.appserver.transaction-1.2",
    "provider":{
        "name":"IBM Corp."
    },
    "shortDescription":"%description",
    "type":"com.ibm.websphere.Feature",
    "version":"1.0.0",
    "wlpInformation":{
        "appliesTo":"io.openliberty;productVersion=\"19.0.0.1\"",
        "appliesToFilterInfo":[
            {
                "editions":[
                    "Liberty Core",
                    "Base",
                    "Express",
                    "Developers",
                    "ND",
                    "z/OS"
                ],
                "hasMaxVersion":"true",
                "maxVersion":{
                    "compatibilityLabel":"19.0.0.1",
                    "inclusive":true,
                    "label":"19.0.0",
                    "value":"19.0.0.1"
                },
                "minVersion":{
                    "compatibilityLabel":"19.0.0.1",
                    "inclusive":true,
                    "label":"19.0.0",
                    "value":"19.0.0.1"
                },
                "productId":"io.openliberty"
            }
        ],
        "displayPolicy":"HIDDEN",
        "downloadPolicy":"INSTALLER",
        "ibmInstallTo":"core",
        "installPolicy":"MANUAL",
        "javaSEVersionRequirements":{
            "minVersion":"1.7.0",
            "rawRequirements":[
                "com.ibm.tx.util_1.0.24.jar: (&(osgi.ee=JavaSE)(version=1.6))",
                "com.ibm.ws.transaction_1.0.24.jar: (&(osgi.ee=JavaSE)(version=1.6))",
                "com.ibm.ws.tx.embeddable_1.0.24.jar: (&(osgi.ee=JavaSE)(version=1.6))",
                "com.ibm.tx.jta_1.0.24.jar: (&(osgi.ee=JavaSE)(version=1.6))",
                "com.ibm.ws.cdi.interfaces_1.0.24.jar: (&(osgi.ee=JavaSE)(version=1.7))",
                "com.ibm.tx.ltc_1.0.24.jar: (&(osgi.ee=JavaSE)(version=1.6))",
                "com.ibm.ws.tx.jta.extensions_1.0.24.jar: (&(osgi.ee=JavaSE)(version=1.6))",
                "com.ibm.rls.jdbc_1.0.24.jar: (&(osgi.ee=JavaSE)(version=1.6))",
                "com.ibm.ws.transaction.cdi_1.0.24.jar: (&(osgi.ee=JavaSE)(version=1.6))",
                "com.ibm.ws.recoverylog_1.0.24.jar: (&(osgi.ee=JavaSE)(version=1.6))"
            ],
            "versionDisplayString":"Java SE 7, Java SE 8"
        },
        "links":[
            {
                "label":"Features that this feature enables",
                "linkLabelProperty":"name",
                "query":[
                    "wlpInformation.provideFeature=com.ibm.websphere.appserver.javax.cdi-1.2&wlpInformation.appliesToFilterInfo.minVersion.value=19.0.0.1&type=com.ibm.websphere.Feature",
                    "wlpInformation.provideFeature=com.ibm.websphere.appserver.javax.connector.internal-1.7&wlpInformation.appliesToFilterInfo.minVersion.value=19.0.0.1&type=com.ibm.websphere.Feature",
                    "wlpInformation.provideFeature=com.ibm.websphere.appserver.javax.servlet-3.0&wlpInformation.appliesToFilterInfo.minVersion.value=19.0.0.1&type=com.ibm.websphere.Feature",
                    "wlpInformation.provideFeature=com.ibm.websphere.appserver.injection-1.0&wlpInformation.appliesToFilterInfo.minVersion.value=19.0.0.1&type=com.ibm.websphere.Feature",
                    "wlpInformation.provideFeature=com.ibm.websphere.appserver.jta-1.2&wlpInformation.appliesToFilterInfo.minVersion.value=19.0.0.1&type=com.ibm.websphere.Feature",
                    "wlpInformation.provideFeature=com.ibm.websphere.appserver.artifact-1.0&wlpInformation.appliesToFilterInfo.minVersion.value=19.0.0.1&type=com.ibm.websphere.Feature",
                    "wlpInformation.provideFeature=com.ibm.websphere.appserver.containerServices-1.0&wlpInformation.appliesToFilterInfo.minVersion.value=19.0.0.1&type=com.ibm.websphere.Feature",
                    "wlpInformation.provideFeature=com.ibm.websphere.appserver.javaeedd-1.0&wlpInformation.appliesToFilterInfo.minVersion.value=19.0.0.1&type=com.ibm.websphere.Feature",
                    "wlpInformation.provideFeature=com.ibm.websphere.appserver.javax.annotation-1.2&wlpInformation.appliesToFilterInfo.minVersion.value=19.0.0.1&type=com.ibm.websphere.Feature",
                    "wlpInformation.provideFeature=com.ibm.websphere.appserver.anno-1.0&wlpInformation.appliesToFilterInfo.minVersion.value=19.0.0.1&type=com.ibm.websphere.Feature"
                ]
            },
            {
                "label":"Features that enable this feature",
                "linkLabelProperty":"name",
                "query":[
                    "wlpInformation.requireFeature=com.ibm.websphere.appserver.transaction-1.2&wlpInformation.appliesToFilterInfo.minVersion.value=19.0.0.1&type=com.ibm.websphere.Feature"
                ]
            },
            {
                "label":"Features that this feature supersedes",
                "linkLabelProperty":"name"
            },
            {
                "label":"Features that supersede this feature",
                "linkLabelProperty":"name"
            },
            {
                "label":"Features that supersede this feature",
                "linkLabelProperty":"name",
                "linkLabelSuffix":" (optional)"
            }
        ],
        "mainAttachmentSHA256":"79370d8c39ad86a7ab42093bb9cd9f6f5f16158475f25a36a70e6ce112c4e7e1",
        "mainAttachmentSize":1038499,
        "provideFeature":[
            "com.ibm.websphere.appserver.transaction-1.2"
        ],
        "requireFeature":[
            "com.ibm.websphere.appserver.javax.cdi-1.2",
            "com.ibm.websphere.appserver.javax.connector.internal-1.7",
            "com.ibm.websphere.appserver.javax.servlet-3.0",
            "com.ibm.websphere.appserver.injection-1.0",
            "com.ibm.websphere.appserver.jta-1.2",
            "com.ibm.websphere.appserver.artifact-1.0",
            "com.ibm.websphere.appserver.containerServices-1.0",
            "com.ibm.websphere.appserver.javaeedd-1.0",
            "com.ibm.websphere.appserver.javax.annotation-1.2",
            "com.ibm.websphere.appserver.anno-1.0"
        ],
        "requireFeatureWithTolerates":[
            {
                "feature":"com.ibm.websphere.appserver.jta-1.2"
            },
            {
                "feature":"com.ibm.websphere.appserver.containerServices-1.0"
            },
            {
                "feature":"com.ibm.websphere.appserver.artifact-1.0"
            },
            {
                "feature":"com.ibm.websphere.appserver.anno-1.0"
            },
            {
                "feature":"com.ibm.websphere.appserver.javax.connector.internal-1.7"
            },
            {
                "feature":"com.ibm.websphere.appserver.javax.cdi-1.2",
                "tolerates":[
                    "2.0"
                ]
            },
            {
                "feature":"com.ibm.websphere.appserver.injection-1.0"
            },
            {
                "feature":"com.ibm.websphere.appserver.javax.servlet-3.0",
                "tolerates":[
                    "3.1",
                    "4.0"
                ]
            },
            {
                "feature":"com.ibm.websphere.appserver.javaeedd-1.0"
            },
            {
                "feature":"com.ibm.websphere.appserver.javax.annotation-1.2",
                "tolerates":[
                    "1.3"
                ]
            }
        ],
        "singleton":"true",
        "typeLabel":"Feature",
        "vanityRelativeURL":"features-com.ibm.websphere.appserver.transaction-1.2",
        "visibility":"PROTECTED",
        "webDisplayPolicy":"HIDDEN"
    }
}