
{
    "description":"<div id=\"ibm-wasdev-feature-desc-content\">\n%description\n</div>\n<h2 id=\"ibm-wasdev-feature-instructions-title\">Command Line Install</h2>\n<div id=\"ibm-wasdev-feature-instructions-content\">\nTo install the feature from the command line, type:<br/><code>bin/installUtility install com.ibm.websphere.appserver.mpFaultTolerance1.0-cdi1.2</code> <br/>\nIf you are installing into 8.5.5.5 or earlier and the feature supports that version, use the featureManager command, for example:<br/><code>bin/featureManager install com.ibm.websphere.appserver.mpFaultTolerance1.0-cdi1.2 --when-file-exists=ignore</code>\n</div>\n",
    "licenseId":"https://www.eclipse.org/legal/epl-v10.html",
    "licenseType":"UNSPECIFIED",
    "name":"com.ibm.websphere.appserver.mpFaultTolerance1.0-cdi1.2",
    "provider":{
        "name":"IBM Corp."
    },
    "shortDescription":"%description",
    "type":"com.ibm.websphere.Feature",
    "version":"1.0.0",
    "wlpInformation":{
        "appliesTo":"io.openliberty;productVersion=\"19.0.0.1\"",
        "appliesToFilterInfo":[
            {
                "editions":[
                    "Liberty Core",
                    "Base",
                    "Express",
                    "Developers",
                    "ND",
                    "z/OS"
                ],
                "hasMaxVersion":"true",
                "maxVersion":{
                    "compatibilityLabel":"19.0.0.1",
                    "inclusive":true,
                    "label":"19.0.0",
                    "value":"19.0.0.1"
                },
                "minVersion":{
                    "compatibilityLabel":"19.0.0.1",
                    "inclusive":true,
                    "label":"19.0.0",
                    "value":"19.0.0.1"
                },
                "productId":"io.openliberty"
            }
        ],
        "displayPolicy":"HIDDEN",
        "downloadPolicy":"INSTALLER",
        "ibmInstallTo":"core",
        "installPolicy":"WHEN_SATISFIED",
        "javaSEVersionRequirements":{
            "minVersion":"1.8.0",
            "rawRequirements":[
                "com.ibm.ws.microprofile.faulttolerance.cdi.1.0.services_1.0.24.jar: (&(osgi.ee=JavaSE)(version=1.8))",
                "com.ibm.ws.microprofile.faulttolerance.cdi_1.0.24.jar: (&(osgi.ee=JavaSE)(version=1.8))"
            ],
            "versionDisplayString":"Java SE 8"
        },
        "links":[
            {
                "label":"Features that this feature enables",
                "linkLabelProperty":"name"
            },
            {
                "label":"Features that enable this feature",
                "linkLabelProperty":"name",
                "query":[
                    "wlpInformation.requireFeature=com.ibm.websphere.appserver.mpFaultTolerance1.0-cdi1.2&wlpInformation.appliesToFilterInfo.minVersion.value=19.0.0.1&type=com.ibm.websphere.Feature"
                ]
            },
            {
                "label":"Features that this feature supersedes",
                "linkLabelProperty":"name"
            },
            {
                "label":"Features that supersede this feature",
                "linkLabelProperty":"name"
            },
            {
                "label":"Features that supersede this feature",
                "linkLabelProperty":"name",
                "linkLabelSuffix":" (optional)"
            }
        ],
        "mainAttachmentSHA256":"522a0ba3f7e12e1e748214c4b6023bbed4c4403644c5572ec2a081a0dae5f6d4",
        "mainAttachmentSize":118989,
        "provideFeature":[
            "com.ibm.websphere.appserver.mpFaultTolerance1.0-cdi1.2"
        ],
        "provisionCapability":"osgi.identity; filter:=\"(&(type=osgi.subsystem.feature)(osgi.identity=com.ibm.websphere.appserver.mpFaultTolerance-1.0))\",osgi.identity; filter:=\"(&(type=osgi.subsystem.feature)(|(osgi.identity=com.ibm.websphere.appserver.cdi-1.2)(osgi.identity=com.ibm.websphere.appserver.cdi-2.0)))\"",
        "singleton":"true",
        "typeLabel":"Feature",
        "vanityRelativeURL":"features-com.ibm.websphere.appserver.mpFaultTolerance1.0-cdi1.2",
        "visibility":"PRIVATE",
        "webDisplayPolicy":"HIDDEN"
    }
}