
{
    "description":"<div id=\"ibm-wasdev-feature-desc-content\">\nThis feature enables web applications or microservices to use the Eclipse JSON Web Token 1.0 specification to authenticate users instead of, or in addition to, the configured user registry.\n</div>\n<h2 id=\"ibm-wasdev-feature-instructions-title\">Command Line Install</h2>\n<div id=\"ibm-wasdev-feature-instructions-content\">\nTo install the feature from the command line, type:<br/><code>bin/installUtility install mpJwt-1.0</code> <br/>\nIf you are installing into 8.5.5.5 or earlier and the feature supports that version, use the featureManager command, for example:<br/><code>bin/featureManager install mpJwt-1.0 --when-file-exists=ignore</code>\n</div>\n <h2 id=\"ibm-wasdev-feature-notes-title\">Config Instructions</h2> \n<div id=\"ibm-wasdev-feature-notes-content\">\nTo use the feature at runtime add the following to your server.xml file<br/>\n<code>&lt;featureManager&gt;</br>\n&nbsp;&nbsp;&lt;feature&gt;mpJwt-1.0&lt;/feature&gt;</br>\n&lt;/featureManager&gt;</br></code> </div>\n <h2 id=\"ibm-wasdev-feature-notes-title\">Additional Information</h2> \n <div id=\"ibm-wasdev-feature-additional-information\">\n  <ul>\n   <li>For the complete feature documentation, see the <a href=\"http://www.ibm.com/support/knowledgecenter/SSAW57_liberty/com.ibm.websphere.wlp.nd.multiplatform.doc/ae/rwlp_feature_mpJwt-1.0.html\">mpJwt-1.0</a> feature description in IBM Knowledge Center.</li>\n   <li>For more detailed installation instructions, including using Installation Manager and WebSphere Developer Tools, see <a href=\"http://www.ibm.com/support/knowledgecenter/SSAW57_liberty/com.ibm.websphere.wlp.nd.multiplatform.doc/com.ibm.websphere.wlp.nd.multiplatform.doc/ae/twlp_inst_assets.html\">Installing Liberty Repository assets</a> in IBM Knowledge Center.</li>\n   <li>For offline installation from a directory-based repository using 8.5.5.8 or higher, see <a href=\"https://www.ibm.com/support/knowledgecenter/SSAW57_liberty/com.ibm.websphere.wlp.nd.multiplatform.doc/com.ibm.websphere.wlp.nd.multiplatform.doc/ae/t_install_assets_installUtility.html\">Installing assets using the installUtility command</a> in IBM Knowledge Center.</li>\n   <li>For system requirements, see <a href=\"http://www-969.ibm.com/software/reports/compatibility/clarity-reports/report/html/softwareReqsForProductByComponent?deliverableId=1337870535828&duComponent=Server_118F7A80A6C511E2A4CA497F0925FE1B\">WebSphere Application Server detailed system requirements</a>. Select the appropriate release, and click <b>WebSphere Application Server (all editions)</b>. Select the edition, and choose the offering you want in Requirements by component.</li>\n  </ul>\n</div>\n",
    "licenseId":"https://www.eclipse.org/legal/epl-v10.html",
    "licenseType":"UNSPECIFIED",
    "name":"MicroProfile JSON Web Token 1.0",
    "provider":{
        "name":"IBM Corp."
    },
    "shortDescription":"This feature enables web applications or microservices to use the Eclipse JSON Web Token 1.0 specification to authenticate users instead of, or in addition to, the configured user registry.",
    "type":"com.ibm.websphere.Feature",
    "version":"1.0.0",
    "wlpInformation":{
        "appliesTo":"io.openliberty;productVersion=\"19.0.0.1\"",
        "appliesToFilterInfo":[
            {
                "editions":[
                    "Liberty Core",
                    "Base",
                    "Express",
                    "Developers",
                    "ND",
                    "z/OS"
                ],
                "hasMaxVersion":"true",
                "maxVersion":{
                    "compatibilityLabel":"19.0.0.1",
                    "inclusive":true,
                    "label":"19.0.0",
                    "value":"19.0.0.1"
                },
                "minVersion":{
                    "compatibilityLabel":"19.0.0.1",
                    "inclusive":true,
                    "label":"19.0.0",
                    "value":"19.0.0.1"
                },
                "productId":"io.openliberty"
            }
        ],
        "displayPolicy":"VISIBLE",
        "downloadPolicy":"INSTALLER",
        "ibmInstallTo":"core",
        "installPolicy":"MANUAL",
        "javaSEVersionRequirements":{
            "minVersion":"1.8.0",
            "rawRequirements":[
                "com.ibm.ws.security.mp.jwt_1.0.24.jar: (&(osgi.ee=JavaSE)(version=1.8))",
                "com.ibm.websphere.org.eclipse.microprofile.jwt.1.0_1.0.24.jar: (&(osgi.ee=JavaSE)(version=1.8))",
                "com.ibm.ws.security.mp.jwt.cdi_1.0.24.jar: (&(osgi.ee=JavaSE)(version=1.8))"
            ],
            "versionDisplayString":"Java SE 8"
        },
        "links":[
            {
                "label":"Features that this feature enables",
                "linkLabelProperty":"name",
                "query":[
                    "wlpInformation.provideFeature=com.ibm.websphere.appserver.servlet-3.1&wlpInformation.appliesToFilterInfo.minVersion.value=19.0.0.1&type=com.ibm.websphere.Feature",
                    "wlpInformation.provideFeature=com.ibm.websphere.appserver.appSecurity-2.0&wlpInformation.appliesToFilterInfo.minVersion.value=19.0.0.1&type=com.ibm.websphere.Feature",
                    "wlpInformation.provideFeature=com.ibm.websphere.appserver.cdi-1.2&wlpInformation.appliesToFilterInfo.minVersion.value=19.0.0.1&type=com.ibm.websphere.Feature",
                    "wlpInformation.provideFeature=com.ibm.websphere.appserver.jwt-1.0&wlpInformation.appliesToFilterInfo.minVersion.value=19.0.0.1&type=com.ibm.websphere.Feature",
                    "wlpInformation.provideFeature=com.ibm.websphere.appserver.jsonp-1.0&wlpInformation.appliesToFilterInfo.minVersion.value=19.0.0.1&type=com.ibm.websphere.Feature",
                    "wlpInformation.provideFeature=com.ibm.websphere.appserver.httpcommons-1.0&wlpInformation.appliesToFilterInfo.minVersion.value=19.0.0.1&type=com.ibm.websphere.Feature",
                    "wlpInformation.provideFeature=com.ibm.websphere.appserver.authFilter-1.0&wlpInformation.appliesToFilterInfo.minVersion.value=19.0.0.1&type=com.ibm.websphere.Feature"
                ]
            },
            {
                "label":"Features that enable this feature",
                "linkLabelProperty":"name",
                "query":[
                    "wlpInformation.requireFeature=com.ibm.websphere.appserver.mpJwt-1.0&wlpInformation.appliesToFilterInfo.minVersion.value=19.0.0.1&type=com.ibm.websphere.Feature"
                ]
            },
            {
                "label":"Features that this feature supersedes",
                "linkLabelProperty":"name",
                "query":[
                    "wlpInformation.supersededBy=mpJwt-1.0&wlpInformation.appliesToFilterInfo.minVersion.value=19.0.0.1"
                ]
            },
            {
                "label":"Features that supersede this feature",
                "linkLabelProperty":"name"
            },
            {
                "label":"Features that supersede this feature",
                "linkLabelProperty":"name",
                "linkLabelSuffix":" (optional)"
            }
        ],
        "lowerCaseShortName":"mpjwt-1.0",
        "mainAttachmentSHA256":"8d4eea747bda2b5d24d0ebd51452acd5d3f310a238290ea8de0db177505d5305",
        "mainAttachmentSize":207697,
        "provideFeature":[
            "com.ibm.websphere.appserver.mpJwt-1.0"
        ],
        "requireFeature":[
            "com.ibm.websphere.appserver.servlet-3.1",
            "com.ibm.websphere.appserver.appSecurity-2.0",
            "com.ibm.websphere.appserver.cdi-1.2",
            "com.ibm.websphere.appserver.jwt-1.0",
            "com.ibm.websphere.appserver.jsonp-1.0",
            "com.ibm.websphere.appserver.httpcommons-1.0",
            "com.ibm.websphere.appserver.authFilter-1.0"
        ],
        "requireFeatureWithTolerates":[
            {
                "feature":"com.ibm.websphere.appserver.authFilter-1.0"
            },
            {
                "feature":"com.ibm.websphere.appserver.appSecurity-2.0",
                "tolerates":[
                    "3.0"
                ]
            },
            {
                "feature":"com.ibm.websphere.appserver.servlet-3.1",
                "tolerates":[
                    "4.0"
                ]
            },
            {
                "feature":"com.ibm.websphere.appserver.cdi-1.2",
                "tolerates":[
                    "2.0"
                ]
            },
            {
                "feature":"com.ibm.websphere.appserver.httpcommons-1.0"
            },
            {
                "feature":"com.ibm.websphere.appserver.jsonp-1.0",
                "tolerates":[
                    "1.1"
                ]
            },
            {
                "feature":"com.ibm.websphere.appserver.jwt-1.0"
            }
        ],
        "shortName":"mpJwt-1.0",
        "singleton":"true",
        "typeLabel":"Feature",
        "vanityRelativeURL":"features-com.ibm.websphere.appserver.mpJwt-1.0",
        "visibility":"PUBLIC",
        "webDisplayPolicy":"HIDDEN"
    }
}