
{
    "description":"<div id=\"ibm-wasdev-feature-desc-content\">\n%description\n</div>\n<h2 id=\"ibm-wasdev-feature-instructions-title\">Command Line Install</h2>\n<div id=\"ibm-wasdev-feature-instructions-content\">\nTo install the feature from the command line, type:<br/><code>bin/installUtility install com.ibm.websphere.appserver.internal.jaxrs-2.0</code> <br/>\nIf you are installing into 8.5.5.5 or earlier and the feature supports that version, use the featureManager command, for example:<br/><code>bin/featureManager install com.ibm.websphere.appserver.internal.jaxrs-2.0 --when-file-exists=ignore</code>\n</div>\n",
    "licenseId":"https://www.eclipse.org/legal/epl-v10.html",
    "licenseType":"UNSPECIFIED",
    "name":"Internal Java RESTful Services 2.0",
    "provider":{
        "name":"IBM Corp."
    },
    "shortDescription":"%description",
    "type":"com.ibm.websphere.Feature",
    "version":"1.0.0",
    "wlpInformation":{
        "appliesTo":"io.openliberty;productVersion=\"19.0.0.1\"",
        "appliesToFilterInfo":[
            {
                "editions":[
                    "Liberty Core",
                    "Base",
                    "Express",
                    "Developers",
                    "ND",
                    "z/OS"
                ],
                "hasMaxVersion":"true",
                "maxVersion":{
                    "compatibilityLabel":"19.0.0.1",
                    "inclusive":true,
                    "label":"19.0.0",
                    "value":"19.0.0.1"
                },
                "minVersion":{
                    "compatibilityLabel":"19.0.0.1",
                    "inclusive":true,
                    "label":"19.0.0",
                    "value":"19.0.0.1"
                },
                "productId":"io.openliberty"
            }
        ],
        "displayPolicy":"HIDDEN",
        "downloadPolicy":"INSTALLER",
        "ibmInstallTo":"core",
        "installPolicy":"MANUAL",
        "javaSEVersionRequirements":{
            "minVersion":"1.7.0",
            "rawRequirements":[
                "com.ibm.ws.org.apache.xml.resolver.1.2_1.0.24.jar: (&(osgi.ee=JavaSE)(version=1.6))",
                "com.ibm.ws.jaxrs.2.x.config_1.0.24.jar: (&(osgi.ee=JavaSE)(version=1.7))",
                "com.ibm.ws.org.apache.ws.xmlschema.core.2.0.3_1.0.24.jar: (&(osgi.ee=JavaSE)(version=1.6))",
                "com.ibm.ws.jaxrs.2.0.web_1.0.24.jar: (&(osgi.ee=JavaSE)(version=1.7))",
                "com.ibm.ws.org.apache.neethi.3.0.2_1.0.24.jar: (&(osgi.ee=JavaSE)(version=1.6))",
                "com.ibm.ws.jaxrs.2.0.common_1.0.24.jar: (&(osgi.ee=JavaSE)(version=1.7))",
                "com.ibm.ws.jaxrs.2.0.client_1.0.24.jar: (&(osgi.ee=JavaSE)(version=1.7))",
                "com.ibm.ws.jaxrs.2.0.tools_1.0.24.jar: (&(osgi.ee=JavaSE)(version=1.7))",
                "com.ibm.ws.jaxrs.2.0.server_1.0.24.jar: (&(osgi.ee=JavaSE)(version=1.7))"
            ],
            "versionDisplayString":"Java SE 7, Java SE 8"
        },
        "links":[
            {
                "label":"Features that this feature enables",
                "linkLabelProperty":"name",
                "query":[
                    "wlpInformation.provideFeature=com.ibm.websphere.appserver.injection-1.0&wlpInformation.appliesToFilterInfo.minVersion.value=19.0.0.1&type=com.ibm.websphere.Feature",
                    "wlpInformation.provideFeature=com.ibm.websphere.appserver.servlet-3.1&wlpInformation.appliesToFilterInfo.minVersion.value=19.0.0.1&type=com.ibm.websphere.Feature",
                    "wlpInformation.provideFeature=com.ibm.websphere.appserver.containerServices-1.0&wlpInformation.appliesToFilterInfo.minVersion.value=19.0.0.1&type=com.ibm.websphere.Feature",
                    "wlpInformation.provideFeature=com.ibm.websphere.appserver.classloading-1.0&wlpInformation.appliesToFilterInfo.minVersion.value=19.0.0.1&type=com.ibm.websphere.Feature",
                    "wlpInformation.provideFeature=com.ibm.websphere.appserver.javax.mail-1.5&wlpInformation.appliesToFilterInfo.minVersion.value=19.0.0.1&type=com.ibm.websphere.Feature",
                    "wlpInformation.provideFeature=com.ibm.websphere.appserver.javax.jaxrs-2.0&wlpInformation.appliesToFilterInfo.minVersion.value=19.0.0.1&type=com.ibm.websphere.Feature",
                    "wlpInformation.provideFeature=com.ibm.websphere.appserver.globalhandler-1.0&wlpInformation.appliesToFilterInfo.minVersion.value=19.0.0.1&type=com.ibm.websphere.Feature",
                    "wlpInformation.provideFeature=com.ibm.websphere.appserver.json-1.0&wlpInformation.appliesToFilterInfo.minVersion.value=19.0.0.1&type=com.ibm.websphere.Feature",
                    "wlpInformation.provideFeature=com.ibm.websphere.appserver.javaeeCompatible-7.0&wlpInformation.appliesToFilterInfo.minVersion.value=19.0.0.1&type=com.ibm.websphere.Feature"
                ]
            },
            {
                "label":"Features that enable this feature",
                "linkLabelProperty":"name",
                "query":[
                    "wlpInformation.requireFeature=com.ibm.websphere.appserver.internal.jaxrs-2.0&wlpInformation.appliesToFilterInfo.minVersion.value=19.0.0.1&type=com.ibm.websphere.Feature"
                ]
            },
            {
                "label":"Features that this feature supersedes",
                "linkLabelProperty":"name"
            },
            {
                "label":"Features that supersede this feature",
                "linkLabelProperty":"name"
            },
            {
                "label":"Features that supersede this feature",
                "linkLabelProperty":"name",
                "linkLabelSuffix":" (optional)"
            }
        ],
        "mainAttachmentSHA256":"3e58b2f0d9e0b682237d828437241fd197567cc8b25ff80da39b5ae45dcf8041",
        "mainAttachmentSize":4359752,
        "provideFeature":[
            "com.ibm.websphere.appserver.internal.jaxrs-2.0"
        ],
        "requireFeature":[
            "com.ibm.websphere.appserver.injection-1.0",
            "com.ibm.websphere.appserver.servlet-3.1",
            "com.ibm.websphere.appserver.containerServices-1.0",
            "com.ibm.websphere.appserver.classloading-1.0",
            "com.ibm.websphere.appserver.javax.mail-1.5",
            "com.ibm.websphere.appserver.javax.jaxrs-2.0",
            "com.ibm.websphere.appserver.globalhandler-1.0",
            "com.ibm.websphere.appserver.json-1.0",
            "com.ibm.websphere.appserver.javaeeCompatible-7.0"
        ],
        "requireFeatureWithTolerates":[
            {
                "feature":"com.ibm.websphere.appserver.javaeeCompatible-7.0"
            },
            {
                "feature":"com.ibm.websphere.appserver.servlet-3.1"
            },
            {
                "feature":"com.ibm.websphere.appserver.containerServices-1.0"
            },
            {
                "feature":"com.ibm.websphere.appserver.classloading-1.0"
            },
            {
                "feature":"com.ibm.websphere.appserver.javax.mail-1.5"
            },
            {
                "feature":"com.ibm.websphere.appserver.javax.jaxrs-2.0"
            },
            {
                "feature":"com.ibm.websphere.appserver.json-1.0"
            },
            {
                "feature":"com.ibm.websphere.appserver.injection-1.0"
            },
            {
                "feature":"com.ibm.websphere.appserver.globalhandler-1.0"
            }
        ],
        "singleton":"true",
        "typeLabel":"Feature",
        "vanityRelativeURL":"features-com.ibm.websphere.appserver.internal.jaxrs-2.0",
        "visibility":"PRIVATE",
        "webDisplayPolicy":"HIDDEN"
    }
}