
{
    "description":"<div id=\"ibm-wasdev-feature-desc-content\">\nThis feature enables the use of Java Naming and Directory Interface (JNDI) to access server configured resources such as DataSources or JMS Connection Factories. It also allows access to Java primitives configured in the server as a jndiEntry.\n</div>\n<h2 id=\"ibm-wasdev-feature-instructions-title\">Command Line Install</h2>\n<div id=\"ibm-wasdev-feature-instructions-content\">\nTo install the feature from the command line, type:<br/><code>bin/installUtility install jndi-1.0</code> <br/>\nIf you are installing into 8.5.5.5 or earlier and the feature supports that version, use the featureManager command, for example:<br/><code>bin/featureManager install jndi-1.0 --when-file-exists=ignore</code>\n</div>\n <h2 id=\"ibm-wasdev-feature-notes-title\">Config Instructions</h2> \n<div id=\"ibm-wasdev-feature-notes-content\">\nTo use the feature at runtime add the following to your server.xml file<br/>\n<code>&lt;featureManager&gt;</br>\n&nbsp;&nbsp;&lt;feature&gt;jndi-1.0&lt;/feature&gt;</br>\n&lt;/featureManager&gt;</br></code> </div>\n <h2 id=\"ibm-wasdev-feature-notes-title\">Additional Information</h2> \n <div id=\"ibm-wasdev-feature-additional-information\">\n  <ul>\n   <li>For the complete feature documentation, see the <a href=\"http://www.ibm.com/support/knowledgecenter/SSAW57_liberty/com.ibm.websphere.wlp.nd.multiplatform.doc/ae/rwlp_feature_jndi-1.0.html\">jndi-1.0</a> feature description in IBM Knowledge Center.</li>\n   <li>For more detailed installation instructions, including using Installation Manager and WebSphere Developer Tools, see <a href=\"http://www.ibm.com/support/knowledgecenter/SSAW57_liberty/com.ibm.websphere.wlp.nd.multiplatform.doc/com.ibm.websphere.wlp.nd.multiplatform.doc/ae/twlp_inst_assets.html\">Installing Liberty Repository assets</a> in IBM Knowledge Center.</li>\n   <li>For offline installation from a directory-based repository using 8.5.5.8 or higher, see <a href=\"https://www.ibm.com/support/knowledgecenter/SSAW57_liberty/com.ibm.websphere.wlp.nd.multiplatform.doc/com.ibm.websphere.wlp.nd.multiplatform.doc/ae/t_install_assets_installUtility.html\">Installing assets using the installUtility command</a> in IBM Knowledge Center.</li>\n   <li>For system requirements, see <a href=\"http://www-969.ibm.com/software/reports/compatibility/clarity-reports/report/html/softwareReqsForProductByComponent?deliverableId=1337870535828&duComponent=Server_118F7A80A6C511E2A4CA497F0925FE1B\">WebSphere Application Server detailed system requirements</a>. Select the appropriate release, and click <b>WebSphere Application Server (all editions)</b>. Select the edition, and choose the offering you want in Requirements by component.</li>\n  </ul>\n</div>\n",
    "licenseId":"https://www.eclipse.org/legal/epl-v10.html",
    "licenseType":"UNSPECIFIED",
    "name":"Java Naming and Directory Interface 1.0",
    "provider":{
        "name":"IBM Corp."
    },
    "shortDescription":"This feature enables the use of Java Naming and Directory Interface (JNDI) to access server configured resources such as DataSources or JMS Connection Factories. It also allows access to Java primitives configured in the server as a jndiEntry.",
    "type":"com.ibm.websphere.Feature",
    "version":"1.0.0",
    "wlpInformation":{
        "appliesTo":"io.openliberty;productVersion=\"19.0.0.1\"",
        "appliesToFilterInfo":[
            {
                "editions":[
                    "Liberty Core",
                    "Base",
                    "Express",
                    "Developers",
                    "ND",
                    "z/OS"
                ],
                "hasMaxVersion":"true",
                "maxVersion":{
                    "compatibilityLabel":"19.0.0.1",
                    "inclusive":true,
                    "label":"19.0.0",
                    "value":"19.0.0.1"
                },
                "minVersion":{
                    "compatibilityLabel":"19.0.0.1",
                    "inclusive":true,
                    "label":"19.0.0",
                    "value":"19.0.0.1"
                },
                "productId":"io.openliberty"
            }
        ],
        "displayPolicy":"VISIBLE",
        "downloadPolicy":"INSTALLER",
        "ibmInstallTo":"core",
        "installPolicy":"MANUAL",
        "javaSEVersionRequirements":{
            "minVersion":"1.6.0",
            "rawRequirements":[
                "com.ibm.ws.org.apache.aries.jndi.core_1.1.24.jar: (&(osgi.ee=JavaSE)(version=1.6))",
                "com.ibm.ws.jndi_1.0.24.jar: (&(osgi.ee=JavaSE)(version=1.6))",
                "com.ibm.ws.jndi.url.contexts_1.0.24.jar: (&(osgi.ee=JavaSE)(version=1.6))",
                "com.ibm.ws.org.apache.aries.jndi.api_1.1.24.jar: (&(osgi.ee=JavaSE)(version=1.6))"
            ],
            "versionDisplayString":"Java SE 6, Java SE 7, Java SE 8"
        },
        "links":[
            {
                "label":"Features that this feature enables",
                "linkLabelProperty":"name",
                "query":[
                    "wlpInformation.provideFeature=com.ibm.websphere.appserver.artifact-1.0&wlpInformation.appliesToFilterInfo.minVersion.value=19.0.0.1&type=com.ibm.websphere.Feature",
                    "wlpInformation.provideFeature=com.ibm.websphere.appserver.containerServices-1.0&wlpInformation.appliesToFilterInfo.minVersion.value=19.0.0.1&type=com.ibm.websphere.Feature",
                    "wlpInformation.provideFeature=com.ibm.websphere.appserver.javaeedd-1.0&wlpInformation.appliesToFilterInfo.minVersion.value=19.0.0.1&type=com.ibm.websphere.Feature",
                    "wlpInformation.provideFeature=com.ibm.websphere.appserver.classloading-1.0&wlpInformation.appliesToFilterInfo.minVersion.value=19.0.0.1&type=com.ibm.websphere.Feature",
                    "wlpInformation.provideFeature=com.ibm.websphere.appserver.anno-1.0&wlpInformation.appliesToFilterInfo.minVersion.value=19.0.0.1&type=com.ibm.websphere.Feature",
                    "wlpInformation.provideFeature=com.ibm.websphere.appserver.internal.slf4j-1.7.7&wlpInformation.appliesToFilterInfo.minVersion.value=19.0.0.1&type=com.ibm.websphere.Feature"
                ]
            },
            {
                "label":"Features that enable this feature",
                "linkLabelProperty":"name",
                "query":[
                    "wlpInformation.requireFeature=com.ibm.websphere.appserver.jndi-1.0&wlpInformation.appliesToFilterInfo.minVersion.value=19.0.0.1&type=com.ibm.websphere.Feature"
                ]
            },
            {
                "label":"Features that this feature supersedes",
                "linkLabelProperty":"name",
                "query":[
                    "wlpInformation.supersededBy=jndi-1.0&wlpInformation.appliesToFilterInfo.minVersion.value=19.0.0.1"
                ]
            },
            {
                "label":"Features that supersede this feature",
                "linkLabelProperty":"name"
            },
            {
                "label":"Features that supersede this feature",
                "linkLabelProperty":"name",
                "linkLabelSuffix":" (optional)"
            }
        ],
        "lowerCaseShortName":"jndi-1.0",
        "mainAttachmentSHA256":"493a1ec37f497a43d46828993bb0a957e323696712eb92408668b018157455d6",
        "mainAttachmentSize":251747,
        "provideFeature":[
            "com.ibm.websphere.appserver.jndi-1.0"
        ],
        "requireFeature":[
            "com.ibm.websphere.appserver.artifact-1.0",
            "com.ibm.websphere.appserver.containerServices-1.0",
            "com.ibm.websphere.appserver.javaeedd-1.0",
            "com.ibm.websphere.appserver.classloading-1.0",
            "com.ibm.websphere.appserver.anno-1.0",
            "com.ibm.websphere.appserver.internal.slf4j-1.7.7"
        ],
        "requireFeatureWithTolerates":[
            {
                "feature":"com.ibm.websphere.appserver.internal.slf4j-1.7.7"
            },
            {
                "feature":"com.ibm.websphere.appserver.containerServices-1.0"
            },
            {
                "feature":"com.ibm.websphere.appserver.artifact-1.0"
            },
            {
                "feature":"com.ibm.websphere.appserver.anno-1.0"
            },
            {
                "feature":"com.ibm.websphere.appserver.classloading-1.0"
            },
            {
                "feature":"com.ibm.websphere.appserver.javaeedd-1.0"
            }
        ],
        "shortName":"jndi-1.0",
        "singleton":"false",
        "typeLabel":"Feature",
        "vanityRelativeURL":"features-com.ibm.websphere.appserver.jndi-1.0",
        "visibility":"PUBLIC",
        "webDisplayPolicy":"HIDDEN"
    }
}