
{
    "description":"<div id=\"ibm-wasdev-feature-desc-content\">\nThe Contexts and Dependency Injection specification makes it easier to integrate Java EE components of different types. It provides a common mechanism to inject component such as EJBs or Managed Beans into other components such as JSPs or other EJBs.\n</div>\n<h2 id=\"ibm-wasdev-feature-instructions-title\">Command Line Install</h2>\n<div id=\"ibm-wasdev-feature-instructions-content\">\nTo install the feature from the command line, type:<br/><code>bin/installUtility install cdi-1.2</code> <br/>\nIf you are installing into 8.5.5.5 or earlier and the feature supports that version, use the featureManager command, for example:<br/><code>bin/featureManager install cdi-1.2 --when-file-exists=ignore</code>\n</div>\n <h2 id=\"ibm-wasdev-feature-notes-title\">Config Instructions</h2> \n<div id=\"ibm-wasdev-feature-notes-content\">\nTo use the feature at runtime add the following to your server.xml file<br/>\n<code>&lt;featureManager&gt;</br>\n&nbsp;&nbsp;&lt;feature&gt;cdi-1.2&lt;/feature&gt;</br>\n&lt;/featureManager&gt;</br></code> </div>\n <h2 id=\"ibm-wasdev-feature-notes-title\">Additional Information</h2> \n <div id=\"ibm-wasdev-feature-additional-information\">\n  <ul>\n   <li>For the complete feature documentation, see the <a href=\"http://www.ibm.com/support/knowledgecenter/SSAW57_liberty/com.ibm.websphere.wlp.nd.multiplatform.doc/ae/rwlp_feature_cdi-1.2.html\">cdi-1.2</a> feature description in IBM Knowledge Center.</li>\n   <li>For more detailed installation instructions, including using Installation Manager and WebSphere Developer Tools, see <a href=\"http://www.ibm.com/support/knowledgecenter/SSAW57_liberty/com.ibm.websphere.wlp.nd.multiplatform.doc/com.ibm.websphere.wlp.nd.multiplatform.doc/ae/twlp_inst_assets.html\">Installing Liberty Repository assets</a> in IBM Knowledge Center.</li>\n   <li>For offline installation from a directory-based repository using 8.5.5.8 or higher, see <a href=\"https://www.ibm.com/support/knowledgecenter/SSAW57_liberty/com.ibm.websphere.wlp.nd.multiplatform.doc/com.ibm.websphere.wlp.nd.multiplatform.doc/ae/t_install_assets_installUtility.html\">Installing assets using the installUtility command</a> in IBM Knowledge Center.</li>\n   <li>For system requirements, see <a href=\"http://www-969.ibm.com/software/reports/compatibility/clarity-reports/report/html/softwareReqsForProductByComponent?deliverableId=1337870535828&duComponent=Server_118F7A80A6C511E2A4CA497F0925FE1B\">WebSphere Application Server detailed system requirements</a>. Select the appropriate release, and click <b>WebSphere Application Server (all editions)</b>. Select the edition, and choose the offering you want in Requirements by component.</li>\n  </ul>\n</div>\n",
    "licenseId":"https://www.eclipse.org/legal/epl-v10.html",
    "licenseType":"UNSPECIFIED",
    "name":"Contexts and Dependency Injection 1.2",
    "provider":{
        "name":"IBM Corp."
    },
    "shortDescription":"The Contexts and Dependency Injection specification makes it easier to integrate Java EE components of different types. It provides a common mechanism to inject component such as EJBs or Managed Beans into other components such as JSPs or other EJBs.",
    "type":"com.ibm.websphere.Feature",
    "version":"1.0.0",
    "wlpInformation":{
        "appliesTo":"io.openliberty;productVersion=\"19.0.0.1\"",
        "appliesToFilterInfo":[
            {
                "editions":[
                    "Liberty Core",
                    "Base",
                    "Express",
                    "Developers",
                    "ND",
                    "z/OS"
                ],
                "hasMaxVersion":"true",
                "maxVersion":{
                    "compatibilityLabel":"19.0.0.1",
                    "inclusive":true,
                    "label":"19.0.0",
                    "value":"19.0.0.1"
                },
                "minVersion":{
                    "compatibilityLabel":"19.0.0.1",
                    "inclusive":true,
                    "label":"19.0.0",
                    "value":"19.0.0.1"
                },
                "productId":"io.openliberty"
            }
        ],
        "displayPolicy":"VISIBLE",
        "downloadPolicy":"INSTALLER",
        "ibmInstallTo":"core",
        "installPolicy":"MANUAL",
        "javaSEVersionRequirements":{
            "minVersion":"1.7.0",
            "rawRequirements":[
                "com.ibm.websphere.javaee.jstl.1.2_1.0.24.jar: (&(osgi.ee=JavaSE)(version=1.6))",
                "com.ibm.ws.org.jboss.logging_1.0.24.jar: (&(osgi.ee=JavaSE)(version=1.6))",
                "com.ibm.ws.cdi.internal_1.0.24.jar: (&(osgi.ee=JavaSE)(version=1.7))",
                "com.ibm.ws.cdi.weld_1.0.24.jar: (&(osgi.ee=JavaSE)(version=1.7))",
                "com.ibm.ws.managedobject_1.0.24.jar: (&(osgi.ee=JavaSE)(version=1.6))",
                "com.ibm.ws.org.jboss.weld.2.4.8_1.0.24.jar: (&(osgi.ee=JavaSE)(version=1.7))",
                "com.ibm.ws.org.jboss.jdeparser.1.0.0_1.0.24.jar: (&(osgi.ee=JavaSE)(version=1.6))",
                "com.ibm.ws.cdi.interfaces_1.0.24.jar: (&(osgi.ee=JavaSE)(version=1.7))",
                "com.ibm.ws.org.jboss.classfilewriter.1.1.2_1.0.24.jar: (&(osgi.ee=JavaSE)(version=1.6))",
                "com.ibm.websphere.javaee.jaxb.2.2_1.0.24.jar: (&(osgi.ee=JavaSE)(version=1.6))",
                "com.ibm.ws.cdi.1.2.weld_1.0.24.jar: (&(osgi.ee=JavaSE)(version=1.7))",
                "com.ibm.websphere.javaee.jaxws.2.2_1.0.24.jar: (&(osgi.ee=JavaSE)(version=1.6))"
            ],
            "versionDisplayString":"Java SE 7, Java SE 8"
        },
        "links":[
            {
                "label":"Features that this feature enables",
                "linkLabelProperty":"name",
                "query":[
                    "wlpInformation.provideFeature=com.ibm.websphere.appserver.javax.jsp-2.3&wlpInformation.appliesToFilterInfo.minVersion.value=19.0.0.1&type=com.ibm.websphere.Feature",
                    "wlpInformation.provideFeature=com.ibm.websphere.appserver.containerServices-1.0&wlpInformation.appliesToFilterInfo.minVersion.value=19.0.0.1&type=com.ibm.websphere.Feature",
                    "wlpInformation.provideFeature=com.ibm.websphere.appserver.javax.persistence-2.1&wlpInformation.appliesToFilterInfo.minVersion.value=19.0.0.1&type=com.ibm.websphere.Feature",
                    "wlpInformation.provideFeature=com.ibm.websphere.appserver.javaeePlatform-7.0&wlpInformation.appliesToFilterInfo.minVersion.value=19.0.0.1&type=com.ibm.websphere.Feature",
                    "wlpInformation.provideFeature=com.ibm.websphere.appserver.javax.ejb-3.2&wlpInformation.appliesToFilterInfo.minVersion.value=19.0.0.1&type=com.ibm.websphere.Feature",
                    "wlpInformation.provideFeature=com.ibm.websphere.appserver.javax.annotation-1.2&wlpInformation.appliesToFilterInfo.minVersion.value=19.0.0.1&type=com.ibm.websphere.Feature",
                    "wlpInformation.provideFeature=com.ibm.websphere.appserver.javax.validation-1.1&wlpInformation.appliesToFilterInfo.minVersion.value=19.0.0.1&type=com.ibm.websphere.Feature",
                    "wlpInformation.provideFeature=com.ibm.websphere.appserver.javaeeCompatible-7.0&wlpInformation.appliesToFilterInfo.minVersion.value=19.0.0.1&type=com.ibm.websphere.Feature",
                    "wlpInformation.provideFeature=com.ibm.websphere.appserver.javax.interceptor-1.2&wlpInformation.appliesToFilterInfo.minVersion.value=19.0.0.1&type=com.ibm.websphere.Feature",
                    "wlpInformation.provideFeature=com.ibm.websphere.appserver.javax.cdi-1.2&wlpInformation.appliesToFilterInfo.minVersion.value=19.0.0.1&type=com.ibm.websphere.Feature",
                    "wlpInformation.provideFeature=com.ibm.websphere.appserver.injection-1.0&wlpInformation.appliesToFilterInfo.minVersion.value=19.0.0.1&type=com.ibm.websphere.Feature",
                    "wlpInformation.provideFeature=com.ibm.websphere.appserver.classloading-1.0&wlpInformation.appliesToFilterInfo.minVersion.value=19.0.0.1&type=com.ibm.websphere.Feature",
                    "wlpInformation.provideFeature=com.ibm.websphere.appserver.appmanager-1.0&wlpInformation.appliesToFilterInfo.minVersion.value=19.0.0.1&type=com.ibm.websphere.Feature",
                    "wlpInformation.provideFeature=com.ibm.websphere.appserver.javax.jsf-2.2&wlpInformation.appliesToFilterInfo.minVersion.value=19.0.0.1&type=com.ibm.websphere.Feature",
                    "wlpInformation.provideFeature=com.ibm.websphere.appserver.internal.slf4j-1.7.7&wlpInformation.appliesToFilterInfo.minVersion.value=19.0.0.1&type=com.ibm.websphere.Feature",
                    "wlpInformation.provideFeature=com.ibm.websphere.appserver.transaction-1.2&wlpInformation.appliesToFilterInfo.minVersion.value=19.0.0.1&type=com.ibm.websphere.Feature",
                    "wlpInformation.provideFeature=com.ibm.websphere.appserver.javax.servlet-3.1&wlpInformation.appliesToFilterInfo.minVersion.value=19.0.0.1&type=com.ibm.websphere.Feature"
                ]
            },
            {
                "label":"Features that enable this feature",
                "linkLabelProperty":"name",
                "query":[
                    "wlpInformation.requireFeature=com.ibm.websphere.appserver.cdi-1.2&wlpInformation.appliesToFilterInfo.minVersion.value=19.0.0.1&type=com.ibm.websphere.Feature"
                ]
            },
            {
                "label":"Features that this feature supersedes",
                "linkLabelProperty":"name",
                "query":[
                    "wlpInformation.supersededBy=cdi-1.2&wlpInformation.appliesToFilterInfo.minVersion.value=19.0.0.1"
                ]
            },
            {
                "label":"Features that supersede this feature",
                "linkLabelProperty":"name"
            },
            {
                "label":"Features that supersede this feature",
                "linkLabelProperty":"name",
                "linkLabelSuffix":" (optional)"
            }
        ],
        "lowerCaseShortName":"cdi-1.2",
        "mainAttachmentSHA256":"56453a3ae079c6706f4eb86e6d293fc784b3627c57965ef6ccc868b28f78a09e",
        "mainAttachmentSize":3185726,
        "provideFeature":[
            "com.ibm.websphere.appserver.cdi-1.2"
        ],
        "requireFeature":[
            "com.ibm.websphere.appserver.javax.jsp-2.3",
            "com.ibm.websphere.appserver.containerServices-1.0",
            "com.ibm.websphere.appserver.javax.persistence-2.1",
            "com.ibm.websphere.appserver.javaeePlatform-7.0",
            "com.ibm.websphere.appserver.javax.ejb-3.2",
            "com.ibm.websphere.appserver.javax.annotation-1.2",
            "com.ibm.websphere.appserver.javax.validation-1.1",
            "com.ibm.websphere.appserver.javaeeCompatible-7.0",
            "com.ibm.websphere.appserver.javax.interceptor-1.2",
            "com.ibm.websphere.appserver.javax.cdi-1.2",
            "com.ibm.websphere.appserver.injection-1.0",
            "com.ibm.websphere.appserver.classloading-1.0",
            "com.ibm.websphere.appserver.appmanager-1.0",
            "com.ibm.websphere.appserver.javax.jsf-2.2",
            "com.ibm.websphere.appserver.internal.slf4j-1.7.7",
            "com.ibm.websphere.appserver.transaction-1.2",
            "com.ibm.websphere.appserver.javax.servlet-3.1"
        ],
        "requireFeatureWithTolerates":[
            {
                "feature":"com.ibm.websphere.appserver.containerServices-1.0"
            },
            {
                "feature":"com.ibm.websphere.appserver.classloading-1.0"
            },
            {
                "feature":"com.ibm.websphere.appserver.javax.persistence-2.1",
                "tolerates":[
                    "2.0"
                ]
            },
            {
                "feature":"com.ibm.websphere.appserver.appmanager-1.0"
            },
            {
                "feature":"com.ibm.websphere.appserver.javax.annotation-1.2"
            },
            {
                "feature":"com.ibm.websphere.appserver.javaeePlatform-7.0"
            },
            {
                "feature":"com.ibm.websphere.appserver.javax.validation-1.1"
            },
            {
                "feature":"com.ibm.websphere.appserver.transaction-1.2"
            },
            {
                "feature":"com.ibm.websphere.appserver.javax.jsf-2.2"
            },
            {
                "feature":"com.ibm.websphere.appserver.javaeeCompatible-7.0"
            },
            {
                "feature":"com.ibm.websphere.appserver.javax.ejb-3.2"
            },
            {
                "feature":"com.ibm.websphere.appserver.internal.slf4j-1.7.7"
            },
            {
                "feature":"com.ibm.websphere.appserver.javax.interceptor-1.2"
            },
            {
                "feature":"com.ibm.websphere.appserver.javax.servlet-3.1"
            },
            {
                "feature":"com.ibm.websphere.appserver.javax.cdi-1.2"
            },
            {
                "feature":"com.ibm.websphere.appserver.injection-1.0"
            },
            {
                "feature":"com.ibm.websphere.appserver.javax.jsp-2.3"
            }
        ],
        "shortName":"cdi-1.2",
        "singleton":"true",
        "typeLabel":"Feature",
        "vanityRelativeURL":"features-com.ibm.websphere.appserver.cdi-1.2",
        "visibility":"PUBLIC",
        "webDisplayPolicy":"HIDDEN"
    }
}